ema,entry,exit,full,is,oos
100,0.0,-0.01,0.6105758587208954,1.14737454633794,-0.24997906794251745
100,0.0,-0.03,0.4282343773838493,1.0138271349654815,-0.2907860100870424
100,0.0,-0.05,0.3692576832520589,1.0110766945013312,-0.3191419864812358
100,0.01,-0.01,0.6526687747438951,1.1816407894197725,-0.2424652203246358
100,0.01,-0.03,0.40757108483734505,1.0058438501764995,-0.29826487504823007
100,0.01,-0.05,0.3291501172089186,0.9632220982291058,-0.3229751649556828
100,0.02,-0.01,0.5857832350632848,1.0555844128885732,-0.22854871581999825
100,0.02,-0.03,0.4351542445718637,0.9452490090718959,-0.26222594748597516
100,0.02,-0.05,0.3326158937822681,0.9091630684139322,-0.3019894864772552
100,0.03,-0.01,0.6240178084477466,1.086799297738298,-0.22176617070559712
100,0.03,-0.03,0.4421569831069483,0.9687391340620537,-0.26747177512981146
100,0.03,-0.05,0.3316989092136333,0.8868750122978128,-0.2942304601342369
100,0.05,-0.01,0.5430458689025728,0.946029059425401,-0.2070797394165409
100,0.05,-0.03,0.43902354904001917,0.9276992380940854,-0.25350203983958586
100,0.05,-0.05,0.30579976860346747,0.7661565506030839,-0.26065457325536623
150,0.0,-0.01,0.5572316360682303,1.0743745377248746,-0.2493006408687577
150,0.0,-0.03,0.5236375554331214,1.0836378816104757,-0.26876086824862366
150,0.0,-0.05,0.42397989522827184,1.0555461332260765,-0.3072498484899452
150,0.01,-0.01,0.5410403399802786,1.0873777561507771,-0.26173384983174797
150,0.01,-0.03,0.4815219358981402,1.0614153931793275,-0.28130839577500966
150,0.01,-0.05,0.430101232264851,1.0682763559931177,-0.3085540875033772
150,0.02,-0.01,0.6069937969328887,1.213268132848445,-0.2739271970338676
150,0.02,-0.03,0.5684644062089406,1.1602087305551798,-0.2739292346967598
150,0.02,-0.05,0.4392314478509396,1.118587768082059,-0.3206647043214714
150,0.03,-0.01,0.6596641043582165,1.2593420121860652,-0.2654214831545668
150,0.03,-0.03,0.5512452503594518,1.1661331102439099,-0.28386430038697885
150,0.03,-0.05,0.4108082663828787,1.0970218905832119,-0.32723245631426734
150,0.05,-0.01,0.603563718606964,1.1129613547409343,-0.24108232504632177
150,0.05,-0.03,0.6120546919742886,1.0858538541052676,-0.2271487818758119
150,0.05,-0.05,0.43636392464325047,1.006997228453396,-0.2843219191936198
200,0.0,-0.01,0.5645079015234176,1.2261930536223562,-0.297227210830739
200,0.0,-0.03,0.5702605571652075,1.3031156684688758,-0.31820160894952987
200,0.0,-0.05,0.6282590690357108,1.3849113208117867,-0.31726640951937923
200,0.01,-0.01,0.5724966103709841,1.2559605342570976,-0.3029591668416233
200,0.01,-0.03,0.6007605861939445,1.300766796652078,-0.3042490927271446
200,0.01,-0.05,0.6108111401945455,1.2740639330814525,-0.29165969489176646
200,0.02,-0.01,0.609034411220855,1.2140931662430159,-0.2732761042972979
200,0.02,-0.03,0.6214169222544539,1.2775364187042522,-0.28808298785539566
200,0.02,-0.05,0.6171980867438256,1.220170703877593,-0.27158840357665204
200,0.03,-0.01,0.5838317191031457,1.2344791146932446,-0.2911852660925056
200,0.03,-0.03,0.5987728053864465,1.2696481035663876,-0.2955856007483135
200,0.03,-0.05,0.6569761040295292,1.25188565952985,-0.2641828429355184
200,0.05,-0.01,0.44149988157162956,1.0469001506312843,-0.2957644362246704
200,0.05,-0.03,0.47731650171857076,1.0684713644808568,-0.2857931093044904
200,0.05,-0.05,0.5128607010914388,1.0437559926975326,-0.2597645186132864
250,0.0,-0.01,0.6775633844402673,1.4523487884060717,-0.31593605592676877
250,0.0,-0.03,0.7866647405518994,1.4637263088563732,-0.2748120056479635
250,0.0,-0.05,0.7856109796588027,1.3985633396636041,-0.25554979093892405
250,0.01,-0.01,0.6485246035815018,1.3920691543644925,-0.31083739758373763
250,0.01,-0.03,0.7533581159111864,1.387055397188755,-0.2654723815894162
250,0.01,-0.05,0.7497826622581341,1.3356361145963094,-0.2508325028359283
250,0.02,-0.01,0.6341039525040804,1.3220783360609518,-0.29627526895751244
250,0.02,-0.03,0.7741947896996839,1.3805981210955358,-0.25472729984210396
250,0.02,-0.05,0.7422627102091839,1.2642674244735996,-0.2305402218051925
250,0.03,-0.01,0.5776673170026363,1.2375290325106403,-0.2949064373782002
250,0.03,-0.03,0.7046910411880047,1.2793821578005087,-0.25212582920586357
250,0.03,-0.05,0.6705280141309979,1.1894753878642503,-0.2370190487683288
250,0.05,-0.01,0.5239995445214518,1.2549620442993032,-0.3241573407524859
250,0.05,-0.03,0.6275406981861766,1.2185358592977331,-0.2663897266454972
250,0.05,-0.05,0.5986093939821919,1.1546669116172819,-0.25807121956391676
300,0.0,-0.01,0.5787471050734672,1.420145190635174,-0.34766430081034916
300,0.0,-0.03,0.6866359034862182,1.5026156494186607,-0.32605076457585036
300,0.0,-0.05,0.7239883424130262,1.6006658754374334,-0.33709733391912544
300,0.01,-0.01,0.571177500310367,1.404125709477829,-0.34646616268180774
300,0.01,-0.03,0.6644830368412293,1.4125090116195742,-0.3100614220197989
300,0.01,-0.05,0.6742338274978128,1.5325422160530873,-0.3389117792843468
300,0.02,-0.01,0.53369294930799,1.3800415033457507,-0.355602435019727
300,0.02,-0.03,0.6878518488402623,1.4593566349236546,-0.3137018743551775
300,0.02,-0.05,0.7095224853629187,1.5778170991776785,-0.33683328972088245
300,0.03,-0.01,0.6411437206177997,1.3010932902070196,-0.28679826776160255
300,0.03,-0.03,0.8325240402240026,1.426672152525685,-0.24484070156872728
300,0.03,-0.05,0.8439442897655867,1.5363657905005925,-0.27299749244699656
300,0.05,-0.01,0.7174036798706009,1.3736018648240846,-0.27645671950216333
300,0.05,-0.03,0.8570954382977347,1.4817590777196639,-0.2517019661698565
300,0.05,-0.05,0.9083529364743066,1.630290344221887,-0.2744706147492434
